"","stop_words"
"1","a"
"2","abbastanza"
"3","abbia"
"4","abbiamo"
"5","abbiano"
"6","abbiate"
"7","accidenti"
"8","ad"
"9","adesso"
"10","affinche"
"11","agl"
"12","agli"
"13","ahime"
"14","ahimã¨"
"15","ahimè"
"16","ai"
"17","al"
"18","alcuna"
"19","alcuni"
"20","alcuno"
"21","all"
"22","alla"
"23","alle"
"24","allo"
"25","allora"
"26","altre"
"27","altri"
"28","altrimenti"
"29","altro"
"30","altrove"
"31","altrui"
"32","anche"
"33","ancora"
"34","anni"
"35","anno"
"36","ansa"
"37","anticipo"
"38","assai"
"39","attesa"
"40","attraverso"
"41","avanti"
"42","avemmo"
"43","avendo"
"44","avente"
"45","aver"
"46","avere"
"47","averlo"
"48","avesse"
"49","avessero"
"50","avessi"
"51","avessimo"
"52","aveste"
"53","avesti"
"54","avete"
"55","aveva"
"56","avevamo"
"57","avevano"
"58","avevate"
"59","avevi"
"60","avevo"
"61","avrai"
"62","avranno"
"63","avrebbe"
"64","avrebbero"
"65","avrei"
"66","avremmo"
"67","avremo"
"68","avreste"
"69","avresti"
"70","avrete"
"71","avrà"
"72","avrò"
"73","avuta"
"74","avute"
"75","avuti"
"76","avuto"
"77","basta"
"78","ben"
"79","bene"
"80","benissimo"
"81","berlusconi"
"82","brava"
"83","bravo"
"84","buono"
"85","c"
"86","casa"
"87","caso"
"88","cento"
"89","certa"
"90","certe"
"91","certi"
"92","certo"
"93","che"
"94","chi"
"95","chicchessia"
"96","chiunque"
"97","ci"
"98","ciascuna"
"99","ciascuno"
"100","cima"
"101","cinque"
"102","cio"
"103","cioe"
"104","cioã¨"
"105","cioè"
"106","circa"
"107","citta"
"108","città"
"109","cittã"
"110","ciã²"
"111","ciò"
"112","co"
"113","codesta"
"114","codesti"
"115","codesto"
"116","cogli"
"117","coi"
"118","col"
"119","colei"
"120","coll"
"121","coloro"
"122","colui"
"123","come"
"124","cominci"
"125","comprare"
"126","comunque"
"127","con"
"128","concernente"
"129","conciliarsi"
"130","conclusione"
"131","consecutivi"
"132","consecutivo"
"133","consiglio"
"134","contro"
"135","cortesia"
"136","cos"
"137","cosa"
"138","cosi"
"139","cosã¬"
"140","così"
"141","cui"
"142","d"
"143","da"
"144","dagl"
"145","dagli"
"146","dai"
"147","dal"
"148","dall"
"149","dalla"
"150","dalle"
"151","dallo"
"152","dappertutto"
"153","davanti"
"154","degl"
"155","degli"
"156","dei"
"157","del"
"158","dell"
"159","della"
"160","delle"
"161","dello"
"162","dentro"
"163","detto"
"164","deve"
"165","devo"
"166","di"
"167","dice"
"168","dietro"
"169","dire"
"170","dirimpetto"
"171","diventa"
"172","diventare"
"173","diventato"
"174","dopo"
"175","doppio"
"176","dov"
"177","dove"
"178","dovra"
"179","dovrà"
"180","dovrã"
"181","dovunque"
"182","due"
"183","dunque"
"184","durante"
"185","e"
"186","ebbe"
"187","ebbero"
"188","ebbi"
"189","ecc"
"190","ecco"
"191","ed"
"192","effettivamente"
"193","egli"
"194","ella"
"195","entrambi"
"196","eppure"
"197","era"
"198","erano"
"199","eravamo"
"200","eravate"
"201","eri"
"202","ero"
"203","esempio"
"204","esse"
"205","essendo"
"206","esser"
"207","essere"
"208","essi"
"209","ex"
"210","fa"
"211","faccia"
"212","facciamo"
"213","facciano"
"214","facciate"
"215","faccio"
"216","facemmo"
"217","facendo"
"218","facesse"
"219","facessero"
"220","facessi"
"221","facessimo"
"222","faceste"
"223","facesti"
"224","faceva"
"225","facevamo"
"226","facevano"
"227","facevate"
"228","facevi"
"229","facevo"
"230","fai"
"231","fanno"
"232","farai"
"233","faranno"
"234","fare"
"235","farebbe"
"236","farebbero"
"237","farei"
"238","faremmo"
"239","faremo"
"240","fareste"
"241","faresti"
"242","farete"
"243","farà"
"244","farò"
"245","fatto"
"246","favore"
"247","fece"
"248","fecero"
"249","feci"
"250","fin"
"251","finalmente"
"252","finche"
"253","fine"
"254","fino"
"255","forse"
"256","forza"
"257","fosse"
"258","fossero"
"259","fossi"
"260","fossimo"
"261","foste"
"262","fosti"
"263","fra"
"264","frattempo"
"265","fu"
"266","fui"
"267","fummo"
"268","fuori"
"269","furono"
"270","futuro"
"271","generale"
"272","gente"
"273","gia"
"274","giacche"
"275","giorni"
"276","giorno"
"277","giu"
"278","già"
"279","giã"
"280","gli"
"281","gliela"
"282","gliele"
"283","glieli"
"284","glielo"
"285","gliene"
"286","governo"
"287","grande"
"288","grazie"
"289","gruppo"
"290","ha"
"291","haha"
"292","hai"
"293","hanno"
"294","ho"
"295","i"
"296","ie"
"297","ieri"
"298","il"
"299","improvviso"
"300","in"
"301","inc"
"302","indietro"
"303","infatti"
"304","inoltre"
"305","insieme"
"306","intanto"
"307","intorno"
"308","invece"
"309","io"
"310","l"
"311","la"
"312","lasciato"
"313","lato"
"314","lavoro"
"315","le"
"316","lei"
"317","li"
"318","lo"
"319","lontano"
"320","loro"
"321","lui"
"322","lungo"
"323","luogo"
"324","là"
"325","lã"
"326","ma"
"327","macche"
"328","magari"
"329","maggior"
"330","mai"
"331","male"
"332","malgrado"
"333","malissimo"
"334","mancanza"
"335","marche"
"336","me"
"337","medesimo"
"338","mediante"
"339","meglio"
"340","meno"
"341","mentre"
"342","mesi"
"343","mezzo"
"344","mi"
"345","mia"
"346","mie"
"347","miei"
"348","mila"
"349","miliardi"
"350","milioni"
"351","minimi"
"352","ministro"
"353","mio"
"354","modo"
"355","molta"
"356","molti"
"357","moltissimo"
"358","molto"
"359","momento"
"360","mondo"
"361","mosto"
"362","nazionale"
"363","ne"
"364","negl"
"365","negli"
"366","nei"
"367","nel"
"368","nell"
"369","nella"
"370","nelle"
"371","nello"
"372","nemmeno"
"373","neppure"
"374","nessun"
"375","nessuna"
"376","nessuno"
"377","niente"
"378","no"
"379","noi"
"380","nome"
"381","non"
"382","nondimeno"
"383","nonostante"
"384","nonsia"
"385","nostra"
"386","nostre"
"387","nostri"
"388","nostro"
"389","novanta"
"390","nove"
"391","nulla"
"392","nuovi"
"393","nuovo"
"394","o"
"395","od"
"396","oggi"
"397","ogni"
"398","ognuna"
"399","ognuno"
"400","oltre"
"401","oppure"
"402","ora"
"403","ore"
"404","osi"
"405","ossia"
"406","ottanta"
"407","otto"
"408","paese"
"409","parecchi"
"410","parecchie"
"411","parecchio"
"412","parte"
"413","partendo"
"414","peccato"
"415","peggio"
"416","per"
"417","perche"
"418","perchã¨"
"419","perchè"
"420","perché"
"421","percio"
"422","perciã²"
"423","perciò"
"424","perfino"
"425","pero"
"426","persino"
"427","persone"
"428","perã²"
"429","però"
"430","piedi"
"431","pieno"
"432","piglia"
"433","piu"
"434","piuttosto"
"435","piã¹"
"436","più"
"437","po"
"438","pochissimo"
"439","poco"
"440","poi"
"441","poiche"
"442","possa"
"443","possedere"
"444","posteriore"
"445","posto"
"446","potrebbe"
"447","preferibilmente"
"448","presa"
"449","press"
"450","prima"
"451","primo"
"452","principalmente"
"453","probabilmente"
"454","promesso"
"455","proprio"
"456","puo"
"457","pure"
"458","purtroppo"
"459","puã²"
"460","può"
"461","qua"
"462","qualche"
"463","qualcosa"
"464","qualcuna"
"465","qualcuno"
"466","quale"
"467","quali"
"468","qualunque"
"469","quando"
"470","quanta"
"471","quante"
"472","quanti"
"473","quanto"
"474","quantunque"
"475","quarto"
"476","quasi"
"477","quattro"
"478","quel"
"479","quella"
"480","quelle"
"481","quelli"
"482","quello"
"483","quest"
"484","questa"
"485","queste"
"486","questi"
"487","questo"
"488","qui"
"489","quindi"
"490","quinto"
"491","realmente"
"492","recente"
"493","recentemente"
"494","registrazione"
"495","relativo"
"496","riecco"
"497","rispetto"
"498","salvo"
"499","sara"
"500","sarai"
"501","saranno"
"502","sarebbe"
"503","sarebbero"
"504","sarei"
"505","saremmo"
"506","saremo"
"507","sareste"
"508","saresti"
"509","sarete"
"510","sarà"
"511","sarã"
"512","sarò"
"513","scola"
"514","scopo"
"515","scorso"
"516","se"
"517","secondo"
"518","seguente"
"519","seguito"
"520","sei"
"521","sembra"
"522","sembrare"
"523","sembrato"
"524","sembrava"
"525","sembri"
"526","sempre"
"527","senza"
"528","sette"
"529","si"
"530","sia"
"531","siamo"
"532","siano"
"533","siate"
"534","siete"
"535","sig"
"536","solito"
"537","solo"
"538","soltanto"
"539","sono"
"540","sopra"
"541","soprattutto"
"542","sotto"
"543","spesso"
"544","srl"
"545","sta"
"546","stai"
"547","stando"
"548","stanno"
"549","starai"
"550","staranno"
"551","starebbe"
"552","starebbero"
"553","starei"
"554","staremmo"
"555","staremo"
"556","stareste"
"557","staresti"
"558","starete"
"559","starà"
"560","starò"
"561","stata"
"562","state"
"563","stati"
"564","stato"
"565","stava"
"566","stavamo"
"567","stavano"
"568","stavate"
"569","stavi"
"570","stavo"
"571","stemmo"
"572","stessa"
"573","stesse"
"574","stessero"
"575","stessi"
"576","stessimo"
"577","stesso"
"578","steste"
"579","stesti"
"580","stette"
"581","stettero"
"582","stetti"
"583","stia"
"584","stiamo"
"585","stiano"
"586","stiate"
"587","sto"
"588","su"
"589","sua"
"590","subito"
"591","successivamente"
"592","successivo"
"593","sue"
"594","sugl"
"595","sugli"
"596","sui"
"597","sul"
"598","sull"
"599","sulla"
"600","sulle"
"601","sullo"
"602","suo"
"603","suoi"
"604","tale"
"605","tali"
"606","talvolta"
"607","tanto"
"608","te"
"609","tempo"
"610","terzo"
"611","th"
"612","ti"
"613","titolo"
"614","torino"
"615","tra"
"616","tranne"
"617","tre"
"618","trenta"
"619","triplo"
"620","troppo"
"621","trovato"
"622","tu"
"623","tua"
"624","tue"
"625","tuo"
"626","tuoi"
"627","tutta"
"628","tuttavia"
"629","tutte"
"630","tutti"
"631","tutto"
"632","uguali"
"633","ulteriore"
"634","ultimo"
"635","un"
"636","una"
"637","uno"
"638","uomo"
"639","va"
"640","vai"
"641","vale"
"642","vari"
"643","varia"
"644","varie"
"645","vario"
"646","verso"
"647","vi"
"648","via"
"649","vicino"
"650","visto"
"651","vita"
"652","voi"
"653","volta"
"654","volte"
"655","vostra"
"656","vostre"
"657","vostri"
"658","vostro"
"659","ã¨"
"660","è"
"661","'ll"
"662","'tis"
"663","'twas"
"664","'ve"
"665","10"
"666","39"
"667","a"
"668","a's"
"669","able"
"670","ableabout"
"671","about"
"672","above"
"673","abroad"
"674","abst"
"675","accordance"
"676","according"
"677","accordingly"
"678","across"
"679","act"
"680","actually"
"681","ad"
"682","added"
"683","adj"
"684","adopted"
"685","ae"
"686","af"
"687","affected"
"688","affecting"
"689","affects"
"690","after"
"691","afterwards"
"692","ag"
"693","again"
"694","against"
"695","ago"
"696","ah"
"697","ahead"
"698","ai"
"699","ain't"
"700","aint"
"701","al"
"702","all"
"703","allow"
"704","allows"
"705","almost"
"706","alone"
"707","along"
"708","alongside"
"709","already"
"710","also"
"711","although"
"712","always"
"713","am"
"714","amid"
"715","amidst"
"716","among"
"717","amongst"
"718","amoungst"
"719","amount"
"720","an"
"721","and"
"722","announce"
"723","another"
"724","any"
"725","anybody"
"726","anyhow"
"727","anymore"
"728","anyone"
"729","anything"
"730","anyway"
"731","anyways"
"732","anywhere"
"733","ao"
"734","apart"
"735","apparently"
"736","appear"
"737","appreciate"
"738","appropriate"
"739","approximately"
"740","aq"
"741","ar"
"742","are"
"743","area"
"744","areas"
"745","aren"
"746","aren't"
"747","arent"
"748","arise"
"749","around"
"750","arpa"
"751","as"
"752","aside"
"753","ask"
"754","asked"
"755","asking"
"756","asks"
"757","associated"
"758","at"
"759","au"
"760","auth"
"761","available"
"762","aw"
"763","away"
"764","awfully"
"765","az"
"766","b"
"767","ba"
"768","back"
"769","backed"
"770","backing"
"771","backs"
"772","backward"
"773","backwards"
"774","bb"
"775","bd"
"776","be"
"777","became"
"778","because"
"779","become"
"780","becomes"
"781","becoming"
"782","been"
"783","before"
"784","beforehand"
"785","began"
"786","begin"
"787","beginning"
"788","beginnings"
"789","begins"
"790","behind"
"791","being"
"792","beings"
"793","believe"
"794","below"
"795","beside"
"796","besides"
"797","best"
"798","better"
"799","between"
"800","beyond"
"801","bf"
"802","bg"
"803","bh"
"804","bi"
"805","big"
"806","bill"
"807","billion"
"808","biol"
"809","bj"
"810","bm"
"811","bn"
"812","bo"
"813","both"
"814","bottom"
"815","br"
"816","brief"
"817","briefly"
"818","bs"
"819","bt"
"820","but"
"821","buy"
"822","bv"
"823","bw"
"824","by"
"825","bz"
"826","c"
"827","c'mon"
"828","c's"
"829","ca"
"830","call"
"831","came"
"832","can"
"833","can't"
"834","cannot"
"835","cant"
"836","caption"
"837","case"
"838","cases"
"839","cause"
"840","causes"
"841","cc"
"842","cd"
"843","certain"
"844","certainly"
"845","cf"
"846","cg"
"847","ch"
"848","changes"
"849","ci"
"850","ck"
"851","cl"
"852","clear"
"853","clearly"
"854","click"
"855","cm"
"856","cmon"
"857","cn"
"858","co"
"859","co."
"860","com"
"861","come"
"862","comes"
"863","computer"
"864","con"
"865","concerning"
"866","consequently"
"867","consider"
"868","considering"
"869","contain"
"870","containing"
"871","contains"
"872","copy"
"873","corresponding"
"874","could"
"875","could've"
"876","couldn"
"877","couldn't"
"878","couldnt"
"879","course"
"880","cr"
"881","cry"
"882","cs"
"883","cu"
"884","currently"
"885","cv"
"886","cx"
"887","cy"
"888","cz"
"889","d"
"890","dare"
"891","daren't"
"892","darent"
"893","date"
"894","de"
"895","dear"
"896","definitely"
"897","describe"
"898","described"
"899","despite"
"900","detail"
"901","did"
"902","didn"
"903","didn't"
"904","didnt"
"905","differ"
"906","different"
"907","differently"
"908","directly"
"909","dj"
"910","dk"
"911","dm"
"912","do"
"913","does"
"914","doesn"
"915","doesn't"
"916","doesnt"
"917","doing"
"918","don"
"919","don't"
"920","done"
"921","dont"
"922","doubtful"
"923","down"
"924","downed"
"925","downing"
"926","downs"
"927","downwards"
"928","due"
"929","during"
"930","dz"
"931","e"
"932","each"
"933","early"
"934","ec"
"935","ed"
"936","edu"
"937","ee"
"938","effect"
"939","eg"
"940","eh"
"941","eight"
"942","eighty"
"943","either"
"944","eleven"
"945","else"
"946","elsewhere"
"947","empty"
"948","end"
"949","ended"
"950","ending"
"951","ends"
"952","enough"
"953","entirely"
"954","er"
"955","es"
"956","especially"
"957","et"
"958","et-al"
"959","etc"
"960","even"
"961","evenly"
"962","ever"
"963","evermore"
"964","every"
"965","everybody"
"966","everyone"
"967","everything"
"968","everywhere"
"969","ex"
"970","exactly"
"971","example"
"972","except"
"973","f"
"974","face"
"975","faces"
"976","fact"
"977","facts"
"978","fairly"
"979","far"
"980","farther"
"981","felt"
"982","few"
"983","fewer"
"984","ff"
"985","fi"
"986","fifteen"
"987","fifth"
"988","fifty"
"989","fify"
"990","fill"
"991","find"
"992","finds"
"993","fire"
"994","first"
"995","five"
"996","fix"
"997","fj"
"998","fk"
"999","fm"
"1000","fo"
"1001","followed"
"1002","following"
"1003","follows"
"1004","for"
"1005","forever"
"1006","former"
"1007","formerly"
"1008","forth"
"1009","forty"
"1010","forward"
"1011","found"
"1012","four"
"1013","fr"
"1014","free"
"1015","from"
"1016","front"
"1017","full"
"1018","fully"
"1019","further"
"1020","furthered"
"1021","furthering"
"1022","furthermore"
"1023","furthers"
"1024","fx"
"1025","g"
"1026","ga"
"1027","gave"
"1028","gb"
"1029","gd"
"1030","ge"
"1031","general"
"1032","generally"
"1033","get"
"1034","gets"
"1035","getting"
"1036","gf"
"1037","gg"
"1038","gh"
"1039","gi"
"1040","give"
"1041","given"
"1042","gives"
"1043","giving"
"1044","gl"
"1045","gm"
"1046","gmt"
"1047","gn"
"1048","go"
"1049","goes"
"1050","going"
"1051","gone"
"1052","good"
"1053","goods"
"1054","got"
"1055","gotten"
"1056","gov"
"1057","gp"
"1058","gq"
"1059","gr"
"1060","great"
"1061","greater"
"1062","greatest"
"1063","greetings"
"1064","group"
"1065","grouped"
"1066","grouping"
"1067","groups"
"1068","gs"
"1069","gt"
"1070","gu"
"1071","gw"
"1072","gy"
"1073","h"
"1074","had"
"1075","hadn't"
"1076","hadnt"
"1077","half"
"1078","happens"
"1079","hardly"
"1080","has"
"1081","hasn"
"1082","hasn't"
"1083","hasnt"
"1084","have"
"1085","haven"
"1086","haven't"
"1087","havent"
"1088","having"
"1089","he"
"1090","he'd"
"1091","he'll"
"1092","he's"
"1093","hed"
"1094","hell"
"1095","hello"
"1096","help"
"1097","hence"
"1098","her"
"1099","here"
"1100","here's"
"1101","hereafter"
"1102","hereby"
"1103","herein"
"1104","heres"
"1105","hereupon"
"1106","hers"
"1107","herself"
"1108","herse”"
"1109","hes"
"1110","hi"
"1111","hid"
"1112","high"
"1113","higher"
"1114","highest"
"1115","him"
"1116","himself"
"1117","himse”"
"1118","his"
"1119","hither"
"1120","hk"
"1121","hm"
"1122","hn"
"1123","home"
"1124","homepage"
"1125","hopefully"
"1126","how"
"1127","how'd"
"1128","how'll"
"1129","how's"
"1130","howbeit"
"1131","however"
"1132","hr"
"1133","ht"
"1134","htm"
"1135","html"
"1136","http"
"1137","hu"
"1138","hundred"
"1139","i"
"1140","i'd"
"1141","i'll"
"1142","i'm"
"1143","i've"
"1144","i.e."
"1145","id"
"1146","ie"
"1147","if"
"1148","ignored"
"1149","ii"
"1150","il"
"1151","ill"
"1152","im"
"1153","immediate"
"1154","immediately"
"1155","importance"
"1156","important"
"1157","in"
"1158","inasmuch"
"1159","inc"
"1160","inc."
"1161","indeed"
"1162","index"
"1163","indicate"
"1164","indicated"
"1165","indicates"
"1166","information"
"1167","inner"
"1168","inside"
"1169","insofar"
"1170","instead"
"1171","int"
"1172","interest"
"1173","interested"
"1174","interesting"
"1175","interests"
"1176","into"
"1177","invention"
"1178","inward"
"1179","io"
"1180","iq"
"1181","ir"
"1182","is"
"1183","isn"
"1184","isn't"
"1185","isnt"
"1186","it"
"1187","it'd"
"1188","it'll"
"1189","it's"
"1190","itd"
"1191","itll"
"1192","its"
"1193","itself"
"1194","itse”"
"1195","ive"
"1196","j"
"1197","je"
"1198","jm"
"1199","jo"
"1200","join"
"1201","jp"
"1202","just"
"1203","k"
"1204","ke"
"1205","keep"
"1206","keeps"
"1207","kept"
"1208","keys"
"1209","kg"
"1210","kh"
"1211","ki"
"1212","kind"
"1213","km"
"1214","kn"
"1215","knew"
"1216","know"
"1217","known"
"1218","knows"
"1219","kp"
"1220","kr"
"1221","kw"
"1222","ky"
"1223","kz"
"1224","l"
"1225","la"
"1226","large"
"1227","largely"
"1228","last"
"1229","lately"
"1230","later"
"1231","latest"
"1232","latter"
"1233","latterly"
"1234","lb"
"1235","lc"
"1236","least"
"1237","length"
"1238","less"
"1239","lest"
"1240","let"
"1241","let's"
"1242","lets"
"1243","li"
"1244","like"
"1245","liked"
"1246","likely"
"1247","likewise"
"1248","line"
"1249","little"
"1250","lk"
"1251","ll"
"1252","long"
"1253","longer"
"1254","longest"
"1255","look"
"1256","looking"
"1257","looks"
"1258","low"
"1259","lower"
"1260","lr"
"1261","ls"
"1262","lt"
"1263","ltd"
"1264","lu"
"1265","lv"
"1266","ly"
"1267","m"
"1268","ma"
"1269","made"
"1270","mainly"
"1271","make"
"1272","makes"
"1273","making"
"1274","man"
"1275","many"
"1276","may"
"1277","maybe"
"1278","mayn't"
"1279","maynt"
"1280","mc"
"1281","md"
"1282","me"
"1283","mean"
"1284","means"
"1285","meantime"
"1286","meanwhile"
"1287","member"
"1288","members"
"1289","men"
"1290","merely"
"1291","mg"
"1292","mh"
"1293","microsoft"
"1294","might"
"1295","might've"
"1296","mightn't"
"1297","mightnt"
"1298","mil"
"1299","mill"
"1300","million"
"1301","mine"
"1302","minus"
"1303","miss"
"1304","mk"
"1305","ml"
"1306","mm"
"1307","mn"
"1308","mo"
"1309","more"
"1310","moreover"
"1311","most"
"1312","mostly"
"1313","move"
"1314","mp"
"1315","mq"
"1316","mr"
"1317","mrs"
"1318","ms"
"1319","msie"
"1320","mt"
"1321","mu"
"1322","much"
"1323","mug"
"1324","must"
"1325","must've"
"1326","mustn't"
"1327","mustnt"
"1328","mv"
"1329","mw"
"1330","mx"
"1331","my"
"1332","myself"
"1333","myse”"
"1334","mz"
"1335","n"
"1336","na"
"1337","name"
"1338","namely"
"1339","nay"
"1340","nc"
"1341","nd"
"1342","ne"
"1343","near"
"1344","nearly"
"1345","necessarily"
"1346","necessary"
"1347","need"
"1348","needed"
"1349","needing"
"1350","needn't"
"1351","neednt"
"1352","needs"
"1353","neither"
"1354","net"
"1355","netscape"
"1356","never"
"1357","neverf"
"1358","neverless"
"1359","nevertheless"
"1360","new"
"1361","newer"
"1362","newest"
"1363","next"
"1364","nf"
"1365","ng"
"1366","ni"
"1367","nine"
"1368","ninety"
"1369","nl"
"1370","no"
"1371","no-one"
"1372","nobody"
"1373","non"
"1374","none"
"1375","nonetheless"
"1376","noone"
"1377","nor"
"1378","normally"
"1379","nos"
"1380","not"
"1381","noted"
"1382","nothing"
"1383","notwithstanding"
"1384","novel"
"1385","now"
"1386","nowhere"
"1387","np"
"1388","nr"
"1389","nu"
"1390","null"
"1391","number"
"1392","numbers"
"1393","nz"
"1394","o"
"1395","obtain"
"1396","obtained"
"1397","obviously"
"1398","of"
"1399","off"
"1400","often"
"1401","oh"
"1402","ok"
"1403","okay"
"1404","old"
"1405","older"
"1406","oldest"
"1407","om"
"1408","omitted"
"1409","on"
"1410","once"
"1411","one"
"1412","one's"
"1413","ones"
"1414","only"
"1415","onto"
"1416","open"
"1417","opened"
"1418","opening"
"1419","opens"
"1420","opposite"
"1421","or"
"1422","ord"
"1423","order"
"1424","ordered"
"1425","ordering"
"1426","orders"
"1427","org"
"1428","other"
"1429","others"
"1430","otherwise"
"1431","ought"
"1432","oughtn't"
"1433","oughtnt"
"1434","our"
"1435","ours"
"1436","ourselves"
"1437","out"
"1438","outside"
"1439","over"
"1440","overall"
"1441","owing"
"1442","own"
"1443","p"
"1444","pa"
"1445","page"
"1446","pages"
"1447","part"
"1448","parted"
"1449","particular"
"1450","particularly"
"1451","parting"
"1452","parts"
"1453","past"
"1454","pe"
"1455","per"
"1456","perhaps"
"1457","pf"
"1458","pg"
"1459","ph"
"1460","pk"
"1461","pl"
"1462","place"
"1463","placed"
"1464","places"
"1465","please"
"1466","plus"
"1467","pm"
"1468","pmid"
"1469","pn"
"1470","point"
"1471","pointed"
"1472","pointing"
"1473","points"
"1474","poorly"
"1475","possible"
"1476","possibly"
"1477","potentially"
"1478","pp"
"1479","pr"
"1480","predominantly"
"1481","present"
"1482","presented"
"1483","presenting"
"1484","presents"
"1485","presumably"
"1486","previously"
"1487","primarily"
"1488","probably"
"1489","problem"
"1490","problems"
"1491","promptly"
"1492","proud"
"1493","provided"
"1494","provides"
"1495","pt"
"1496","put"
"1497","puts"
"1498","pw"
"1499","py"
"1500","q"
"1501","qa"
"1502","que"
"1503","quickly"
"1504","quite"
"1505","qv"
"1506","r"
"1507","ran"
"1508","rather"
"1509","rd"
"1510","re"
"1511","readily"
"1512","really"
"1513","reasonably"
"1514","recent"
"1515","recently"
"1516","ref"
"1517","refs"
"1518","regarding"
"1519","regardless"
"1520","regards"
"1521","related"
"1522","relatively"
"1523","research"
"1524","reserved"
"1525","respectively"
"1526","resulted"
"1527","resulting"
"1528","results"
"1529","right"
"1530","ring"
"1531","ro"
"1532","room"
"1533","rooms"
"1534","round"
"1535","ru"
"1536","run"
"1537","rw"
"1538","s"
"1539","sa"
"1540","said"
"1541","same"
"1542","saw"
"1543","say"
"1544","saying"
"1545","says"
"1546","sb"
"1547","sc"
"1548","sd"
"1549","se"
"1550","sec"
"1551","second"
"1552","secondly"
"1553","seconds"
"1554","section"
"1555","see"
"1556","seeing"
"1557","seem"
"1558","seemed"
"1559","seeming"
"1560","seems"
"1561","seen"
"1562","sees"
"1563","self"
"1564","selves"
"1565","sensible"
"1566","sent"
"1567","serious"
"1568","seriously"
"1569","seven"
"1570","seventy"
"1571","several"
"1572","sg"
"1573","sh"
"1574","shall"
"1575","shan't"
"1576","shant"
"1577","she"
"1578","she'd"
"1579","she'll"
"1580","she's"
"1581","shed"
"1582","shell"
"1583","shes"
"1584","should"
"1585","should've"
"1586","shouldn"
"1587","shouldn't"
"1588","shouldnt"
"1589","show"
"1590","showed"
"1591","showing"
"1592","shown"
"1593","showns"
"1594","shows"
"1595","si"
"1596","side"
"1597","sides"
"1598","significant"
"1599","significantly"
"1600","similar"
"1601","similarly"
"1602","since"
"1603","sincere"
"1604","site"
"1605","six"
"1606","sixty"
"1607","sj"
"1608","sk"
"1609","sl"
"1610","slightly"
"1611","sm"
"1612","small"
"1613","smaller"
"1614","smallest"
"1615","sn"
"1616","so"
"1617","some"
"1618","somebody"
"1619","someday"
"1620","somehow"
"1621","someone"
"1622","somethan"
"1623","something"
"1624","sometime"
"1625","sometimes"
"1626","somewhat"
"1627","somewhere"
"1628","soon"
"1629","sorry"
"1630","specifically"
"1631","specified"
"1632","specify"
"1633","specifying"
"1634","sr"
"1635","st"
"1636","state"
"1637","states"
"1638","still"
"1639","stop"
"1640","strongly"
"1641","su"
"1642","sub"
"1643","substantially"
"1644","successfully"
"1645","such"
"1646","sufficiently"
"1647","suggest"
"1648","sup"
"1649","sure"
"1650","sv"
"1651","sy"
"1652","system"
"1653","sz"
"1654","t"
"1655","t's"
"1656","take"
"1657","taken"
"1658","taking"
"1659","tc"
"1660","td"
"1661","tell"
"1662","ten"
"1663","tends"
"1664","test"
"1665","text"
"1666","tf"
"1667","tg"
"1668","th"
"1669","than"
"1670","thank"
"1671","thanks"
"1672","thanx"
"1673","that"
"1674","that'll"
"1675","that's"
"1676","that've"
"1677","thatll"
"1678","thats"
"1679","thatve"
"1680","the"
"1681","their"
"1682","theirs"
"1683","them"
"1684","themselves"
"1685","then"
"1686","thence"
"1687","there"
"1688","there'd"
"1689","there'll"
"1690","there're"
"1691","there's"
"1692","there've"
"1693","thereafter"
"1694","thereby"
"1695","thered"
"1696","therefore"
"1697","therein"
"1698","therell"
"1699","thereof"
"1700","therere"
"1701","theres"
"1702","thereto"
"1703","thereupon"
"1704","thereve"
"1705","these"
"1706","they"
"1707","they'd"
"1708","they'll"
"1709","they're"
"1710","they've"
"1711","theyd"
"1712","theyll"
"1713","theyre"
"1714","theyve"
"1715","thick"
"1716","thin"
"1717","thing"
"1718","things"
"1719","think"
"1720","thinks"
"1721","third"
"1722","thirty"
"1723","this"
"1724","thorough"
"1725","thoroughly"
"1726","those"
"1727","thou"
"1728","though"
"1729","thoughh"
"1730","thought"
"1731","thoughts"
"1732","thousand"
"1733","three"
"1734","throug"
"1735","through"
"1736","throughout"
"1737","thru"
"1738","thus"
"1739","til"
"1740","till"
"1741","tip"
"1742","tis"
"1743","tj"
"1744","tk"
"1745","tm"
"1746","tn"
"1747","to"
"1748","today"
"1749","together"
"1750","too"
"1751","took"
"1752","top"
"1753","toward"
"1754","towards"
"1755","tp"
"1756","tr"
"1757","tried"
"1758","tries"
"1759","trillion"
"1760","truly"
"1761","try"
"1762","trying"
"1763","ts"
"1764","tt"
"1765","turn"
"1766","turned"
"1767","turning"
"1768","turns"
"1769","tv"
"1770","tw"
"1771","twas"
"1772","twelve"
"1773","twenty"
"1774","twice"
"1775","two"
"1776","tz"
"1777","u"
"1778","ua"
"1779","ug"
"1780","uk"
"1781","um"
"1782","un"
"1783","under"
"1784","underneath"
"1785","undoing"
"1786","unfortunately"
"1787","unless"
"1788","unlike"
"1789","unlikely"
"1790","until"
"1791","unto"
"1792","up"
"1793","upon"
"1794","ups"
"1795","upwards"
"1796","us"
"1797","use"
"1798","used"
"1799","useful"
"1800","usefully"
"1801","usefulness"
"1802","uses"
"1803","using"
"1804","usually"
"1805","uucp"
"1806","uy"
"1807","uz"
"1808","v"
"1809","va"
"1810","value"
"1811","various"
"1812","vc"
"1813","ve"
"1814","versus"
"1815","very"
"1816","vg"
"1817","vi"
"1818","via"
"1819","viz"
"1820","vn"
"1821","vol"
"1822","vols"
"1823","vs"
"1824","vu"
"1825","w"
"1826","want"
"1827","wanted"
"1828","wanting"
"1829","wants"
"1830","was"
"1831","wasn"
"1832","wasn't"
"1833","wasnt"
"1834","way"
"1835","ways"
"1836","we"
"1837","we'd"
"1838","we'll"
"1839","we're"
"1840","we've"
"1841","web"
"1842","webpage"
"1843","website"
"1844","wed"
"1845","welcome"
"1846","well"
"1847","wells"
"1848","went"
"1849","were"
"1850","weren"
"1851","weren't"
"1852","werent"
"1853","weve"
"1854","wf"
"1855","what"
"1856","what'd"
"1857","what'll"
"1858","what's"
"1859","what've"
"1860","whatever"
"1861","whatll"
"1862","whats"
"1863","whatve"
"1864","when"
"1865","when'd"
"1866","when'll"
"1867","when's"
"1868","whence"
"1869","whenever"
"1870","where"
"1871","where'd"
"1872","where'll"
"1873","where's"
"1874","whereafter"
"1875","whereas"
"1876","whereby"
"1877","wherein"
"1878","wheres"
"1879","whereupon"
"1880","wherever"
"1881","whether"
"1882","which"
"1883","whichever"
"1884","while"
"1885","whilst"
"1886","whim"
"1887","whither"
"1888","who"
"1889","who'd"
"1890","who'll"
"1891","who's"
"1892","whod"
"1893","whoever"
"1894","whole"
"1895","wholl"
"1896","whom"
"1897","whomever"
"1898","whos"
"1899","whose"
"1900","why"
"1901","why'd"
"1902","why'll"
"1903","why's"
"1904","widely"
"1905","width"
"1906","will"
"1907","willing"
"1908","wish"
"1909","with"
"1910","within"
"1911","without"
"1912","won"
"1913","won't"
"1914","wonder"
"1915","wont"
"1916","words"
"1917","work"
"1918","worked"
"1919","working"
"1920","works"
"1921","world"
"1922","would"
"1923","would've"
"1924","wouldn"
"1925","wouldn't"
"1926","wouldnt"
"1927","ws"
"1928","www"
"1929","x"
"1930","y"
"1931","ye"
"1932","year"
"1933","years"
"1934","yes"
"1935","yet"
"1936","you"
"1937","you'd"
"1938","you'll"
"1939","you're"
"1940","you've"
"1941","youd"
"1942","youll"
"1943","young"
"1944","younger"
"1945","youngest"
"1946","your"
"1947","youre"
"1948","yours"
"1949","yourself"
"1950","yourselves"
"1951","youve"
"1952","yt"
"1953","yu"
"1954","z"
"1955","za"
"1956","zero"
"1957","zm"
"1958","zr"
"1959","0"
"1960","1"
"1961","2"
"1962","3"
"1963","4"
"1964","5"
"1965","6"
"1966","7"
"1967","8"
"1968","9"
"1969","_"
"1970","a"
"1971","actualmente"
"1972","acuerdo"
"1973","adelante"
"1974","ademas"
"1975","además"
"1976","adrede"
"1977","afirmó"
"1978","agregó"
"1979","ahi"
"1980","ahora"
"1981","ahí"
"1982","al"
"1983","algo"
"1984","alguna"
"1985","algunas"
"1986","alguno"
"1987","algunos"
"1988","algún"
"1989","alli"
"1990","allí"
"1991","alrededor"
"1992","ambos"
"1993","ampleamos"
"1994","antano"
"1995","antaño"
"1996","ante"
"1997","anterior"
"1998","antes"
"1999","apenas"
"2000","aproximadamente"
"2001","aquel"
"2002","aquella"
"2003","aquellas"
"2004","aquello"
"2005","aquellos"
"2006","aqui"
"2007","aquél"
"2008","aquélla"
"2009","aquéllas"
"2010","aquéllos"
"2011","aquí"
"2012","arriba"
"2013","arribaabajo"
"2014","aseguró"
"2015","asi"
"2016","así"
"2017","atras"
"2018","aun"
"2019","aunque"
"2020","ayer"
"2021","añadió"
"2022","aún"
"2023","b"
"2024","bajo"
"2025","bastante"
"2026","bien"
"2027","breve"
"2028","buen"
"2029","buena"
"2030","buenas"
"2031","bueno"
"2032","buenos"
"2033","c"
"2034","cada"
"2035","casi"
"2036","cerca"
"2037","cierta"
"2038","ciertas"
"2039","cierto"
"2040","ciertos"
"2041","cinco"
"2042","claro"
"2043","comentó"
"2044","como"
"2045","con"
"2046","conmigo"
"2047","conocer"
"2048","conseguimos"
"2049","conseguir"
"2050","considera"
"2051","consideró"
"2052","consigo"
"2053","consigue"
"2054","consiguen"
"2055","consigues"
"2056","contigo"
"2057","contra"
"2058","cosas"
"2059","creo"
"2060","cual"
"2061","cuales"
"2062","cualquier"
"2063","cuando"
"2064","cuanta"
"2065","cuantas"
"2066","cuanto"
"2067","cuantos"
"2068","cuatro"
"2069","cuenta"
"2070","cuál"
"2071","cuáles"
"2072","cuándo"
"2073","cuánta"
"2074","cuántas"
"2075","cuánto"
"2076","cuántos"
"2077","cómo"
"2078","d"
"2079","da"
"2080","dado"
"2081","dan"
"2082","dar"
"2083","de"
"2084","debajo"
"2085","debe"
"2086","deben"
"2087","debido"
"2088","decir"
"2089","dejó"
"2090","del"
"2091","delante"
"2092","demasiado"
"2093","demás"
"2094","dentro"
"2095","deprisa"
"2096","desde"
"2097","despacio"
"2098","despues"
"2099","después"
"2100","detras"
"2101","detrás"
"2102","dia"
"2103","dias"
"2104","dice"
"2105","dicen"
"2106","dicho"
"2107","dieron"
"2108","diferente"
"2109","diferentes"
"2110","dijeron"
"2111","dijo"
"2112","dio"
"2113","donde"
"2114","dos"
"2115","durante"
"2116","día"
"2117","días"
"2118","dónde"
"2119","e"
"2120","ejemplo"
"2121","el"
"2122","ella"
"2123","ellas"
"2124","ello"
"2125","ellos"
"2126","embargo"
"2127","empleais"
"2128","emplean"
"2129","emplear"
"2130","empleas"
"2131","empleo"
"2132","en"
"2133","encima"
"2134","encuentra"
"2135","enfrente"
"2136","enseguida"
"2137","entonces"
"2138","entre"
"2139","era"
"2140","erais"
"2141","eramos"
"2142","eran"
"2143","eras"
"2144","eres"
"2145","es"
"2146","esa"
"2147","esas"
"2148","ese"
"2149","eso"
"2150","esos"
"2151","esta"
"2152","estaba"
"2153","estabais"
"2154","estaban"
"2155","estabas"
"2156","estad"
"2157","estada"
"2158","estadas"
"2159","estado"
"2160","estados"
"2161","estais"
"2162","estamos"
"2163","estan"
"2164","estando"
"2165","estar"
"2166","estaremos"
"2167","estará"
"2168","estarán"
"2169","estarás"
"2170","estaré"
"2171","estaréis"
"2172","estaría"
"2173","estaríais"
"2174","estaríamos"
"2175","estarían"
"2176","estarías"
"2177","estas"
"2178","este"
"2179","estemos"
"2180","esto"
"2181","estos"
"2182","estoy"
"2183","estuve"
"2184","estuviera"
"2185","estuvierais"
"2186","estuvieran"
"2187","estuvieras"
"2188","estuvieron"
"2189","estuviese"
"2190","estuvieseis"
"2191","estuviesen"
"2192","estuvieses"
"2193","estuvimos"
"2194","estuviste"
"2195","estuvisteis"
"2196","estuviéramos"
"2197","estuviésemos"
"2198","estuvo"
"2199","está"
"2200","estábamos"
"2201","estáis"
"2202","están"
"2203","estás"
"2204","esté"
"2205","estéis"
"2206","estén"
"2207","estés"
"2208","ex"
"2209","excepto"
"2210","existe"
"2211","existen"
"2212","explicó"
"2213","expresó"
"2214","f"
"2215","fin"
"2216","final"
"2217","fue"
"2218","fuera"
"2219","fuerais"
"2220","fueran"
"2221","fueras"
"2222","fueron"
"2223","fuese"
"2224","fueseis"
"2225","fuesen"
"2226","fueses"
"2227","fui"
"2228","fuimos"
"2229","fuiste"
"2230","fuisteis"
"2231","fuéramos"
"2232","fuésemos"
"2233","g"
"2234","general"
"2235","gran"
"2236","grandes"
"2237","gueno"
"2238","h"
"2239","ha"
"2240","haber"
"2241","habia"
"2242","habida"
"2243","habidas"
"2244","habido"
"2245","habidos"
"2246","habiendo"
"2247","habla"
"2248","hablan"
"2249","habremos"
"2250","habrá"
"2251","habrán"
"2252","habrás"
"2253","habré"
"2254","habréis"
"2255","habría"
"2256","habríais"
"2257","habríamos"
"2258","habrían"
"2259","habrías"
"2260","habéis"
"2261","había"
"2262","habíais"
"2263","habíamos"
"2264","habían"
"2265","habías"
"2266","hace"
"2267","haceis"
"2268","hacemos"
"2269","hacen"
"2270","hacer"
"2271","hacerlo"
"2272","haces"
"2273","hacia"
"2274","haciendo"
"2275","hago"
"2276","han"
"2277","has"
"2278","hasta"
"2279","hay"
"2280","haya"
"2281","hayamos"
"2282","hayan"
"2283","hayas"
"2284","hayáis"
"2285","he"
"2286","hecho"
"2287","hemos"
"2288","hicieron"
"2289","hizo"
"2290","horas"
"2291","hoy"
"2292","hube"
"2293","hubiera"
"2294","hubierais"
"2295","hubieran"
"2296","hubieras"
"2297","hubieron"
"2298","hubiese"
"2299","hubieseis"
"2300","hubiesen"
"2301","hubieses"
"2302","hubimos"
"2303","hubiste"
"2304","hubisteis"
"2305","hubiéramos"
"2306","hubiésemos"
"2307","hubo"
"2308","i"
"2309","igual"
"2310","incluso"
"2311","indicó"
"2312","informo"
"2313","informó"
"2314","intenta"
"2315","intentais"
"2316","intentamos"
"2317","intentan"
"2318","intentar"
"2319","intentas"
"2320","intento"
"2321","ir"
"2322","j"
"2323","junto"
"2324","k"
"2325","l"
"2326","la"
"2327","lado"
"2328","largo"
"2329","las"
"2330","le"
"2331","lejos"
"2332","les"
"2333","llegó"
"2334","lleva"
"2335","llevar"
"2336","lo"
"2337","los"
"2338","luego"
"2339","lugar"
"2340","m"
"2341","mal"
"2342","manera"
"2343","manifestó"
"2344","mas"
"2345","mayor"
"2346","me"
"2347","mediante"
"2348","medio"
"2349","mejor"
"2350","mencionó"
"2351","menos"
"2352","menudo"
"2353","mi"
"2354","mia"
"2355","mias"
"2356","mientras"
"2357","mio"
"2358","mios"
"2359","mis"
"2360","misma"
"2361","mismas"
"2362","mismo"
"2363","mismos"
"2364","modo"
"2365","momento"
"2366","mucha"
"2367","muchas"
"2368","mucho"
"2369","muchos"
"2370","muy"
"2371","más"
"2372","mí"
"2373","mía"
"2374","mías"
"2375","mío"
"2376","míos"
"2377","n"
"2378","nada"
"2379","nadie"
"2380","ni"
"2381","ninguna"
"2382","ningunas"
"2383","ninguno"
"2384","ningunos"
"2385","ningún"
"2386","no"
"2387","nos"
"2388","nosotras"
"2389","nosotros"
"2390","nuestra"
"2391","nuestras"
"2392","nuestro"
"2393","nuestros"
"2394","nueva"
"2395","nuevas"
"2396","nuevo"
"2397","nuevos"
"2398","nunca"
"2399","o"
"2400","ocho"
"2401","os"
"2402","otra"
"2403","otras"
"2404","otro"
"2405","otros"
"2406","p"
"2407","pais"
"2408","para"
"2409","parece"
"2410","parte"
"2411","partir"
"2412","pasada"
"2413","pasado"
"2414","paìs"
"2415","peor"
"2416","pero"
"2417","pesar"
"2418","poca"
"2419","pocas"
"2420","poco"
"2421","pocos"
"2422","podeis"
"2423","podemos"
"2424","poder"
"2425","podria"
"2426","podriais"
"2427","podriamos"
"2428","podrian"
"2429","podrias"
"2430","podrá"
"2431","podrán"
"2432","podría"
"2433","podrían"
"2434","poner"
"2435","por"
"2436","por qué"
"2437","porque"
"2438","posible"
"2439","primer"
"2440","primera"
"2441","primero"
"2442","primeros"
"2443","principalmente"
"2444","pronto"
"2445","propia"
"2446","propias"
"2447","propio"
"2448","propios"
"2449","proximo"
"2450","próximo"
"2451","próximos"
"2452","pudo"
"2453","pueda"
"2454","puede"
"2455","pueden"
"2456","puedo"
"2457","pues"
"2458","q"
"2459","qeu"
"2460","que"
"2461","quedó"
"2462","queremos"
"2463","quien"
"2464","quienes"
"2465","quiere"
"2466","quiza"
"2467","quizas"
"2468","quizá"
"2469","quizás"
"2470","quién"
"2471","quiénes"
"2472","qué"
"2473","r"
"2474","raras"
"2475","realizado"
"2476","realizar"
"2477","realizó"
"2478","repente"
"2479","respecto"
"2480","s"
"2481","sabe"
"2482","sabeis"
"2483","sabemos"
"2484","saben"
"2485","saber"
"2486","sabes"
"2487","sal"
"2488","salvo"
"2489","se"
"2490","sea"
"2491","seamos"
"2492","sean"
"2493","seas"
"2494","segun"
"2495","segunda"
"2496","segundo"
"2497","según"
"2498","seis"
"2499","ser"
"2500","sera"
"2501","seremos"
"2502","será"
"2503","serán"
"2504","serás"
"2505","seré"
"2506","seréis"
"2507","sería"
"2508","seríais"
"2509","seríamos"
"2510","serían"
"2511","serías"
"2512","seáis"
"2513","señaló"
"2514","si"
"2515","sido"
"2516","siempre"
"2517","siendo"
"2518","siete"
"2519","sigue"
"2520","siguiente"
"2521","sin"
"2522","sino"
"2523","sobre"
"2524","sois"
"2525","sola"
"2526","solamente"
"2527","solas"
"2528","solo"
"2529","solos"
"2530","somos"
"2531","son"
"2532","soy"
"2533","soyos"
"2534","su"
"2535","supuesto"
"2536","sus"
"2537","suya"
"2538","suyas"
"2539","suyo"
"2540","suyos"
"2541","sé"
"2542","sí"
"2543","sólo"
"2544","t"
"2545","tal"
"2546","tambien"
"2547","también"
"2548","tampoco"
"2549","tan"
"2550","tanto"
"2551","tarde"
"2552","te"
"2553","temprano"
"2554","tendremos"
"2555","tendrá"
"2556","tendrán"
"2557","tendrás"
"2558","tendré"
"2559","tendréis"
"2560","tendría"
"2561","tendríais"
"2562","tendríamos"
"2563","tendrían"
"2564","tendrías"
"2565","tened"
"2566","teneis"
"2567","tenemos"
"2568","tener"
"2569","tenga"
"2570","tengamos"
"2571","tengan"
"2572","tengas"
"2573","tengo"
"2574","tengáis"
"2575","tenida"
"2576","tenidas"
"2577","tenido"
"2578","tenidos"
"2579","teniendo"
"2580","tenéis"
"2581","tenía"
"2582","teníais"
"2583","teníamos"
"2584","tenían"
"2585","tenías"
"2586","tercera"
"2587","ti"
"2588","tiempo"
"2589","tiene"
"2590","tienen"
"2591","tienes"
"2592","toda"
"2593","todas"
"2594","todavia"
"2595","todavía"
"2596","todo"
"2597","todos"
"2598","total"
"2599","trabaja"
"2600","trabajais"
"2601","trabajamos"
"2602","trabajan"
"2603","trabajar"
"2604","trabajas"
"2605","trabajo"
"2606","tras"
"2607","trata"
"2608","través"
"2609","tres"
"2610","tu"
"2611","tus"
"2612","tuve"
"2613","tuviera"
"2614","tuvierais"
"2615","tuvieran"
"2616","tuvieras"
"2617","tuvieron"
"2618","tuviese"
"2619","tuvieseis"
"2620","tuviesen"
"2621","tuvieses"
"2622","tuvimos"
"2623","tuviste"
"2624","tuvisteis"
"2625","tuviéramos"
"2626","tuviésemos"
"2627","tuvo"
"2628","tuya"
"2629","tuyas"
"2630","tuyo"
"2631","tuyos"
"2632","tú"
"2633","u"
"2634","ultimo"
"2635","un"
"2636","una"
"2637","unas"
"2638","uno"
"2639","unos"
"2640","usa"
"2641","usais"
"2642","usamos"
"2643","usan"
"2644","usar"
"2645","usas"
"2646","uso"
"2647","usted"
"2648","ustedes"
"2649","v"
"2650","va"
"2651","vais"
"2652","valor"
"2653","vamos"
"2654","van"
"2655","varias"
"2656","varios"
"2657","vaya"
"2658","veces"
"2659","ver"
"2660","verdad"
"2661","verdadera"
"2662","verdadero"
"2663","vez"
"2664","vosotras"
"2665","vosotros"
"2666","voy"
"2667","vuestra"
"2668","vuestras"
"2669","vuestro"
"2670","vuestros"
"2671","w"
"2672","x"
"2673","y"
"2674","ya"
"2675","yo"
"2676","z"
"2677","él"
"2678","éramos"
"2679","ésa"
"2680","ésas"
"2681","ése"
"2682","ésos"
"2683","ésta"
"2684","éstas"
"2685","éste"
"2686","éstos"
"2687","última"
"2688","últimas"
"2689","último"
"2690","últimos"
"2691","a"
"2692","abord"
"2693","absolument"
"2694","afin"
"2695","ah"
"2696","ai"
"2697","aie"
"2698","aient"
"2699","aies"
"2700","ailleurs"
"2701","ainsi"
"2702","ait"
"2703","allaient"
"2704","allo"
"2705","allons"
"2706","allô"
"2707","alors"
"2708","anterieur"
"2709","anterieure"
"2710","anterieures"
"2711","apres"
"2712","après"
"2713","as"
"2714","assez"
"2715","attendu"
"2716","au"
"2717","aucun"
"2718","aucune"
"2719","aucuns"
"2720","aujourd"
"2721","aujourd'hui"
"2722","aupres"
"2723","auquel"
"2724","aura"
"2725","aurai"
"2726","auraient"
"2727","aurais"
"2728","aurait"
"2729","auras"
"2730","aurez"
"2731","auriez"
"2732","aurions"
"2733","aurons"
"2734","auront"
"2735","aussi"
"2736","autre"
"2737","autrefois"
"2738","autrement"
"2739","autres"
"2740","autrui"
"2741","aux"
"2742","auxquelles"
"2743","auxquels"
"2744","avaient"
"2745","avais"
"2746","avait"
"2747","avant"
"2748","avec"
"2749","avez"
"2750","aviez"
"2751","avions"
"2752","avoir"
"2753","avons"
"2754","ayant"
"2755","ayez"
"2756","ayons"
"2757","b"
"2758","bah"
"2759","bas"
"2760","basee"
"2761","bat"
"2762","beau"
"2763","beaucoup"
"2764","bien"
"2765","bigre"
"2766","bon"
"2767","boum"
"2768","bravo"
"2769","brrr"
"2770","c"
"2771","car"
"2772","ce"
"2773","ceci"
"2774","cela"
"2775","celle"
"2776","celle-ci"
"2777","celle-là"
"2778","celles"
"2779","celles-ci"
"2780","celles-là"
"2781","celui"
"2782","celui-ci"
"2783","celui-là"
"2784","celà"
"2785","cent"
"2786","cependant"
"2787","certain"
"2788","certaine"
"2789","certaines"
"2790","certains"
"2791","certes"
"2792","ces"
"2793","cet"
"2794","cette"
"2795","ceux"
"2796","ceux-ci"
"2797","ceux-là"
"2798","chacun"
"2799","chacune"
"2800","chaque"
"2801","cher"
"2802","chers"
"2803","chez"
"2804","chiche"
"2805","chut"
"2806","chère"
"2807","chères"
"2808","ci"
"2809","cinq"
"2810","cinquantaine"
"2811","cinquante"
"2812","cinquantième"
"2813","cinquième"
"2814","clac"
"2815","clic"
"2816","combien"
"2817","comme"
"2818","comment"
"2819","comparable"
"2820","comparables"
"2821","compris"
"2822","concernant"
"2823","contre"
"2824","couic"
"2825","crac"
"2826","d"
"2827","da"
"2828","dans"
"2829","de"
"2830","debout"
"2831","dedans"
"2832","dehors"
"2833","deja"
"2834","delà"
"2835","depuis"
"2836","dernier"
"2837","derniere"
"2838","derriere"
"2839","derrière"
"2840","des"
"2841","desormais"
"2842","desquelles"
"2843","desquels"
"2844","dessous"
"2845","dessus"
"2846","deux"
"2847","deuxième"
"2848","deuxièmement"
"2849","devant"
"2850","devers"
"2851","devra"
"2852","devrait"
"2853","different"
"2854","differentes"
"2855","differents"
"2856","différent"
"2857","différente"
"2858","différentes"
"2859","différents"
"2860","dire"
"2861","directe"
"2862","directement"
"2863","dit"
"2864","dite"
"2865","dits"
"2866","divers"
"2867","diverse"
"2868","diverses"
"2869","dix"
"2870","dix-huit"
"2871","dix-neuf"
"2872","dix-sept"
"2873","dixième"
"2874","doit"
"2875","doivent"
"2876","donc"
"2877","dont"
"2878","dos"
"2879","douze"
"2880","douzième"
"2881","dring"
"2882","droite"
"2883","du"
"2884","duquel"
"2885","durant"
"2886","dès"
"2887","début"
"2888","désormais"
"2889","e"
"2890","effet"
"2891","egale"
"2892","egalement"
"2893","egales"
"2894","eh"
"2895","elle"
"2896","elle-même"
"2897","elles"
"2898","elles-mêmes"
"2899","en"
"2900","encore"
"2901","enfin"
"2902","entre"
"2903","envers"
"2904","environ"
"2905","es"
"2906","essai"
"2907","est"
"2908","et"
"2909","etant"
"2910","etc"
"2911","etre"
"2912","eu"
"2913","eue"
"2914","eues"
"2915","euh"
"2916","eurent"
"2917","eus"
"2918","eusse"
"2919","eussent"
"2920","eusses"
"2921","eussiez"
"2922","eussions"
"2923","eut"
"2924","eux"
"2925","eux-mêmes"
"2926","exactement"
"2927","excepté"
"2928","extenso"
"2929","exterieur"
"2930","eûmes"
"2931","eût"
"2932","eûtes"
"2933","f"
"2934","fais"
"2935","faisaient"
"2936","faisant"
"2937","fait"
"2938","faites"
"2939","façon"
"2940","feront"
"2941","fi"
"2942","flac"
"2943","floc"
"2944","fois"
"2945","font"
"2946","force"
"2947","furent"
"2948","fus"
"2949","fusse"
"2950","fussent"
"2951","fusses"
"2952","fussiez"
"2953","fussions"
"2954","fut"
"2955","fûmes"
"2956","fût"
"2957","fûtes"
"2958","g"
"2959","gens"
"2960","h"
"2961","ha"
"2962","haut"
"2963","hein"
"2964","hem"
"2965","hep"
"2966","hi"
"2967","ho"
"2968","holà"
"2969","hop"
"2970","hormis"
"2971","hors"
"2972","hou"
"2973","houp"
"2974","hue"
"2975","hui"
"2976","huit"
"2977","huitième"
"2978","hum"
"2979","hurrah"
"2980","hé"
"2981","hélas"
"2982","i"
"2983","ici"
"2984","il"
"2985","ils"
"2986","importe"
"2987","j"
"2988","je"
"2989","jusqu"
"2990","jusque"
"2991","juste"
"2992","k"
"2993","l"
"2994","la"
"2995","laisser"
"2996","laquelle"
"2997","las"
"2998","le"
"2999","lequel"
"3000","les"
"3001","lesquelles"
"3002","lesquels"
"3003","leur"
"3004","leurs"
"3005","longtemps"
"3006","lors"
"3007","lorsque"
"3008","lui"
"3009","lui-meme"
"3010","lui-même"
"3011","là"
"3012","lès"
"3013","m"
"3014","ma"
"3015","maint"
"3016","maintenant"
"3017","mais"
"3018","malgre"
"3019","malgré"
"3020","maximale"
"3021","me"
"3022","meme"
"3023","memes"
"3024","merci"
"3025","mes"
"3026","mien"
"3027","mienne"
"3028","miennes"
"3029","miens"
"3030","mille"
"3031","mince"
"3032","mine"
"3033","minimale"
"3034","moi"
"3035","moi-meme"
"3036","moi-même"
"3037","moindres"
"3038","moins"
"3039","mon"
"3040","mot"
"3041","moyennant"
"3042","multiple"
"3043","multiples"
"3044","même"
"3045","mêmes"
"3046","n"
"3047","na"
"3048","naturel"
"3049","naturelle"
"3050","naturelles"
"3051","ne"
"3052","neanmoins"
"3053","necessaire"
"3054","necessairement"
"3055","neuf"
"3056","neuvième"
"3057","ni"
"3058","nombreuses"
"3059","nombreux"
"3060","nommés"
"3061","non"
"3062","nos"
"3063","notamment"
"3064","notre"
"3065","nous"
"3066","nous-mêmes"
"3067","nouveau"
"3068","nouveaux"
"3069","nul"
"3070","néanmoins"
"3071","nôtre"
"3072","nôtres"
"3073","o"
"3074","oh"
"3075","ohé"
"3076","ollé"
"3077","olé"
"3078","on"
"3079","ont"
"3080","onze"
"3081","onzième"
"3082","ore"
"3083","ou"
"3084","ouf"
"3085","ouias"
"3086","oust"
"3087","ouste"
"3088","outre"
"3089","ouvert"
"3090","ouverte"
"3091","ouverts"
"3092","o|"
"3093","où"
"3094","p"
"3095","paf"
"3096","pan"
"3097","par"
"3098","parce"
"3099","parfois"
"3100","parle"
"3101","parlent"
"3102","parler"
"3103","parmi"
"3104","parole"
"3105","parseme"
"3106","partant"
"3107","particulier"
"3108","particulière"
"3109","particulièrement"
"3110","pas"
"3111","passé"
"3112","pendant"
"3113","pense"
"3114","permet"
"3115","personne"
"3116","personnes"
"3117","peu"
"3118","peut"
"3119","peuvent"
"3120","peux"
"3121","pff"
"3122","pfft"
"3123","pfut"
"3124","pif"
"3125","pire"
"3126","pièce"
"3127","plein"
"3128","plouf"
"3129","plupart"
"3130","plus"
"3131","plusieurs"
"3132","plutôt"
"3133","possessif"
"3134","possessifs"
"3135","possible"
"3136","possibles"
"3137","pouah"
"3138","pour"
"3139","pourquoi"
"3140","pourrais"
"3141","pourrait"
"3142","pouvait"
"3143","prealable"
"3144","precisement"
"3145","premier"
"3146","première"
"3147","premièrement"
"3148","pres"
"3149","probable"
"3150","probante"
"3151","procedant"
"3152","proche"
"3153","près"
"3154","psitt"
"3155","pu"
"3156","puis"
"3157","puisque"
"3158","pur"
"3159","pure"
"3160","q"
"3161","qu"
"3162","quand"
"3163","quant"
"3164","quant-à-soi"
"3165","quanta"
"3166","quarante"
"3167","quatorze"
"3168","quatre"
"3169","quatre-vingt"
"3170","quatrième"
"3171","quatrièmement"
"3172","que"
"3173","quel"
"3174","quelconque"
"3175","quelle"
"3176","quelles"
"3177","quelqu'un"
"3178","quelque"
"3179","quelques"
"3180","quels"
"3181","qui"
"3182","quiconque"
"3183","quinze"
"3184","quoi"
"3185","quoique"
"3186","r"
"3187","rare"
"3188","rarement"
"3189","rares"
"3190","relative"
"3191","relativement"
"3192","remarquable"
"3193","rend"
"3194","rendre"
"3195","restant"
"3196","reste"
"3197","restent"
"3198","restrictif"
"3199","retour"
"3200","revoici"
"3201","revoilà"
"3202","rien"
"3203","s"
"3204","sa"
"3205","sacrebleu"
"3206","sait"
"3207","sans"
"3208","sapristi"
"3209","sauf"
"3210","se"
"3211","sein"
"3212","seize"
"3213","selon"
"3214","semblable"
"3215","semblaient"
"3216","semble"
"3217","semblent"
"3218","sent"
"3219","sept"
"3220","septième"
"3221","sera"
"3222","serai"
"3223","seraient"
"3224","serais"
"3225","serait"
"3226","seras"
"3227","serez"
"3228","seriez"
"3229","serions"
"3230","serons"
"3231","seront"
"3232","ses"
"3233","seul"
"3234","seule"
"3235","seulement"
"3236","si"
"3237","sien"
"3238","sienne"
"3239","siennes"
"3240","siens"
"3241","sinon"
"3242","six"
"3243","sixième"
"3244","soi"
"3245","soi-même"
"3246","soient"
"3247","sois"
"3248","soit"
"3249","soixante"
"3250","sommes"
"3251","son"
"3252","sont"
"3253","sous"
"3254","souvent"
"3255","soyez"
"3256","soyons"
"3257","specifique"
"3258","specifiques"
"3259","speculatif"
"3260","stop"
"3261","strictement"
"3262","subtiles"
"3263","suffisant"
"3264","suffisante"
"3265","suffit"
"3266","suis"
"3267","suit"
"3268","suivant"
"3269","suivante"
"3270","suivantes"
"3271","suivants"
"3272","suivre"
"3273","sujet"
"3274","superpose"
"3275","sur"
"3276","surtout"
"3277","t"
"3278","ta"
"3279","tac"
"3280","tandis"
"3281","tant"
"3282","tardive"
"3283","te"
"3284","tel"
"3285","telle"
"3286","tellement"
"3287","telles"
"3288","tels"
"3289","tenant"
"3290","tend"
"3291","tenir"
"3292","tente"
"3293","tes"
"3294","tic"
"3295","tien"
"3296","tienne"
"3297","tiennes"
"3298","tiens"
"3299","toc"
"3300","toi"
"3301","toi-même"
"3302","ton"
"3303","touchant"
"3304","toujours"
"3305","tous"
"3306","tout"
"3307","toute"
"3308","toutefois"
"3309","toutes"
"3310","treize"
"3311","trente"
"3312","tres"
"3313","trois"
"3314","troisième"
"3315","troisièmement"
"3316","trop"
"3317","très"
"3318","tsoin"
"3319","tsouin"
"3320","tu"
"3321","té"
"3322","u"
"3323","un"
"3324","une"
"3325","unes"
"3326","uniformement"
"3327","unique"
"3328","uniques"
"3329","uns"
"3330","v"
"3331","va"
"3332","vais"
"3333","valeur"
"3334","vas"
"3335","vers"
"3336","via"
"3337","vif"
"3338","vifs"
"3339","vingt"
"3340","vivat"
"3341","vive"
"3342","vives"
"3343","vlan"
"3344","voici"
"3345","voie"
"3346","voient"
"3347","voilà"
"3348","vont"
"3349","vos"
"3350","votre"
"3351","vous"
"3352","vous-mêmes"
"3353","vu"
"3354","vé"
"3355","vôtre"
"3356","vôtres"
"3357","w"
"3358","x"
"3359","y"
"3360","z"
"3361","zut"
"3362","à"
"3363","â"
"3364","ça"
"3365","ès"
"3366","étaient"
"3367","étais"
"3368","était"
"3369","étant"
"3370","état"
"3371","étiez"
"3372","étions"
"3373","été"
"3374","étée"
"3375","étées"
"3376","étés"
"3377","êtes"
"3378","être"
"3379","ô"
"3380","a"
"3381","ab"
"3382","aber"
"3383","ach"
"3384","acht"
"3385","achte"
"3386","achten"
"3387","achter"
"3388","achtes"
"3389","ag"
"3390","alle"
"3391","allein"
"3392","allem"
"3393","allen"
"3394","aller"
"3395","allerdings"
"3396","alles"
"3397","allgemeinen"
"3398","als"
"3399","also"
"3400","am"
"3401","an"
"3402","ander"
"3403","andere"
"3404","anderem"
"3405","anderen"
"3406","anderer"
"3407","anderes"
"3408","anderm"
"3409","andern"
"3410","anderr"
"3411","anders"
"3412","au"
"3413","auch"
"3414","auf"
"3415","aus"
"3416","ausser"
"3417","ausserdem"
"3418","außer"
"3419","außerdem"
"3420","b"
"3421","bald"
"3422","bei"
"3423","beide"
"3424","beiden"
"3425","beim"
"3426","beispiel"
"3427","bekannt"
"3428","bereits"
"3429","besonders"
"3430","besser"
"3431","besten"
"3432","bin"
"3433","bis"
"3434","bisher"
"3435","bist"
"3436","c"
"3437","d"
"3438","d.h"
"3439","da"
"3440","dabei"
"3441","dadurch"
"3442","dafür"
"3443","dagegen"
"3444","daher"
"3445","dahin"
"3446","dahinter"
"3447","damals"
"3448","damit"
"3449","danach"
"3450","daneben"
"3451","dank"
"3452","dann"
"3453","daran"
"3454","darauf"
"3455","daraus"
"3456","darf"
"3457","darfst"
"3458","darin"
"3459","darum"
"3460","darunter"
"3461","darüber"
"3462","das"
"3463","dasein"
"3464","daselbst"
"3465","dass"
"3466","dasselbe"
"3467","davon"
"3468","davor"
"3469","dazu"
"3470","dazwischen"
"3471","daß"
"3472","dein"
"3473","deine"
"3474","deinem"
"3475","deinen"
"3476","deiner"
"3477","deines"
"3478","dem"
"3479","dementsprechend"
"3480","demgegenüber"
"3481","demgemäss"
"3482","demgemäß"
"3483","demselben"
"3484","demzufolge"
"3485","den"
"3486","denen"
"3487","denn"
"3488","denselben"
"3489","der"
"3490","deren"
"3491","derer"
"3492","derjenige"
"3493","derjenigen"
"3494","dermassen"
"3495","dermaßen"
"3496","derselbe"
"3497","derselben"
"3498","des"
"3499","deshalb"
"3500","desselben"
"3501","dessen"
"3502","deswegen"
"3503","dich"
"3504","die"
"3505","diejenige"
"3506","diejenigen"
"3507","dies"
"3508","diese"
"3509","dieselbe"
"3510","dieselben"
"3511","diesem"
"3512","diesen"
"3513","dieser"
"3514","dieses"
"3515","dir"
"3516","doch"
"3517","dort"
"3518","drei"
"3519","drin"
"3520","dritte"
"3521","dritten"
"3522","dritter"
"3523","drittes"
"3524","du"
"3525","durch"
"3526","durchaus"
"3527","durfte"
"3528","durften"
"3529","dürfen"
"3530","dürft"
"3531","e"
"3532","eben"
"3533","ebenso"
"3534","ehrlich"
"3535","ei"
"3536","ei,"
"3537","eigen"
"3538","eigene"
"3539","eigenen"
"3540","eigener"
"3541","eigenes"
"3542","ein"
"3543","einander"
"3544","eine"
"3545","einem"
"3546","einen"
"3547","einer"
"3548","eines"
"3549","einig"
"3550","einige"
"3551","einigem"
"3552","einigen"
"3553","einiger"
"3554","einiges"
"3555","einmal"
"3556","eins"
"3557","elf"
"3558","en"
"3559","ende"
"3560","endlich"
"3561","entweder"
"3562","er"
"3563","ernst"
"3564","erst"
"3565","erste"
"3566","ersten"
"3567","erster"
"3568","erstes"
"3569","es"
"3570","etwa"
"3571","etwas"
"3572","euch"
"3573","euer"
"3574","eure"
"3575","eurem"
"3576","euren"
"3577","eurer"
"3578","eures"
"3579","f"
"3580","folgende"
"3581","früher"
"3582","fünf"
"3583","fünfte"
"3584","fünften"
"3585","fünfter"
"3586","fünftes"
"3587","für"
"3588","g"
"3589","gab"
"3590","ganz"
"3591","ganze"
"3592","ganzen"
"3593","ganzer"
"3594","ganzes"
"3595","gar"
"3596","gedurft"
"3597","gegen"
"3598","gegenüber"
"3599","gehabt"
"3600","gehen"
"3601","geht"
"3602","gekannt"
"3603","gekonnt"
"3604","gemacht"
"3605","gemocht"
"3606","gemusst"
"3607","genug"
"3608","gerade"
"3609","gern"
"3610","gesagt"
"3611","geschweige"
"3612","gewesen"
"3613","gewollt"
"3614","geworden"
"3615","gibt"
"3616","ging"
"3617","gleich"
"3618","gott"
"3619","gross"
"3620","grosse"
"3621","grossen"
"3622","grosser"
"3623","grosses"
"3624","groß"
"3625","große"
"3626","großen"
"3627","großer"
"3628","großes"
"3629","gut"
"3630","gute"
"3631","guter"
"3632","gutes"
"3633","h"
"3634","hab"
"3635","habe"
"3636","haben"
"3637","habt"
"3638","hast"
"3639","hat"
"3640","hatte"
"3641","hatten"
"3642","hattest"
"3643","hattet"
"3644","heisst"
"3645","her"
"3646","heute"
"3647","hier"
"3648","hin"
"3649","hinter"
"3650","hoch"
"3651","hätte"
"3652","hätten"
"3653","i"
"3654","ich"
"3655","ihm"
"3656","ihn"
"3657","ihnen"
"3658","ihr"
"3659","ihre"
"3660","ihrem"
"3661","ihren"
"3662","ihrer"
"3663","ihres"
"3664","im"
"3665","immer"
"3666","in"
"3667","indem"
"3668","infolgedessen"
"3669","ins"
"3670","irgend"
"3671","ist"
"3672","j"
"3673","ja"
"3674","jahr"
"3675","jahre"
"3676","jahren"
"3677","je"
"3678","jede"
"3679","jedem"
"3680","jeden"
"3681","jeder"
"3682","jedermann"
"3683","jedermanns"
"3684","jedes"
"3685","jedoch"
"3686","jemand"
"3687","jemandem"
"3688","jemanden"
"3689","jene"
"3690","jenem"
"3691","jenen"
"3692","jener"
"3693","jenes"
"3694","jetzt"
"3695","k"
"3696","kam"
"3697","kann"
"3698","kannst"
"3699","kaum"
"3700","kein"
"3701","keine"
"3702","keinem"
"3703","keinen"
"3704","keiner"
"3705","keines"
"3706","kleine"
"3707","kleinen"
"3708","kleiner"
"3709","kleines"
"3710","kommen"
"3711","kommt"
"3712","konnte"
"3713","konnten"
"3714","kurz"
"3715","können"
"3716","könnt"
"3717","könnte"
"3718","l"
"3719","lang"
"3720","lange"
"3721","leicht"
"3722","leide"
"3723","lieber"
"3724","los"
"3725","m"
"3726","machen"
"3727","macht"
"3728","machte"
"3729","mag"
"3730","magst"
"3731","mahn"
"3732","mal"
"3733","man"
"3734","manche"
"3735","manchem"
"3736","manchen"
"3737","mancher"
"3738","manches"
"3739","mann"
"3740","mehr"
"3741","mein"
"3742","meine"
"3743","meinem"
"3744","meinen"
"3745","meiner"
"3746","meines"
"3747","mensch"
"3748","menschen"
"3749","mich"
"3750","mir"
"3751","mit"
"3752","mittel"
"3753","mochte"
"3754","mochten"
"3755","morgen"
"3756","muss"
"3757","musst"
"3758","musste"
"3759","mussten"
"3760","muß"
"3761","mußt"
"3762","möchte"
"3763","mögen"
"3764","möglich"
"3765","mögt"
"3766","müssen"
"3767","müsst"
"3768","müßt"
"3769","n"
"3770","na"
"3771","nach"
"3772","nachdem"
"3773","nahm"
"3774","natürlich"
"3775","neben"
"3776","nein"
"3777","neue"
"3778","neuen"
"3779","neun"
"3780","neunte"
"3781","neunten"
"3782","neunter"
"3783","neuntes"
"3784","nicht"
"3785","nichts"
"3786","nie"
"3787","niemand"
"3788","niemandem"
"3789","niemanden"
"3790","noch"
"3791","nun"
"3792","nur"
"3793","o"
"3794","ob"
"3795","oben"
"3796","oder"
"3797","offen"
"3798","oft"
"3799","ohne"
"3800","ordnung"
"3801","p"
"3802","q"
"3803","r"
"3804","recht"
"3805","rechte"
"3806","rechten"
"3807","rechter"
"3808","rechtes"
"3809","richtig"
"3810","rund"
"3811","s"
"3812","sa"
"3813","sache"
"3814","sagt"
"3815","sagte"
"3816","sah"
"3817","satt"
"3818","schlecht"
"3819","schluss"
"3820","schon"
"3821","sechs"
"3822","sechste"
"3823","sechsten"
"3824","sechster"
"3825","sechstes"
"3826","sehr"
"3827","sei"
"3828","seid"
"3829","seien"
"3830","sein"
"3831","seine"
"3832","seinem"
"3833","seinen"
"3834","seiner"
"3835","seines"
"3836","seit"
"3837","seitdem"
"3838","selbst"
"3839","sich"
"3840","sie"
"3841","sieben"
"3842","siebente"
"3843","siebenten"
"3844","siebenter"
"3845","siebentes"
"3846","sind"
"3847","so"
"3848","solang"
"3849","solche"
"3850","solchem"
"3851","solchen"
"3852","solcher"
"3853","solches"
"3854","soll"
"3855","sollen"
"3856","sollst"
"3857","sollt"
"3858","sollte"
"3859","sollten"
"3860","sondern"
"3861","sonst"
"3862","soweit"
"3863","sowie"
"3864","später"
"3865","startseite"
"3866","statt"
"3867","steht"
"3868","suche"
"3869","t"
"3870","tag"
"3871","tage"
"3872","tagen"
"3873","tat"
"3874","teil"
"3875","tel"
"3876","tritt"
"3877","trotzdem"
"3878","tun"
"3879","u"
"3880","uhr"
"3881","um"
"3882","und"
"3883","und?"
"3884","uns"
"3885","unse"
"3886","unsem"
"3887","unsen"
"3888","unser"
"3889","unsere"
"3890","unserer"
"3891","unses"
"3892","unter"
"3893","v"
"3894","vergangenen"
"3895","viel"
"3896","viele"
"3897","vielem"
"3898","vielen"
"3899","vielleicht"
"3900","vier"
"3901","vierte"
"3902","vierten"
"3903","vierter"
"3904","viertes"
"3905","vom"
"3906","von"
"3907","vor"
"3908","w"
"3909","wahr?"
"3910","wann"
"3911","war"
"3912","waren"
"3913","warst"
"3914","wart"
"3915","warum"
"3916","was"
"3917","weg"
"3918","wegen"
"3919","weil"
"3920","weit"
"3921","weiter"
"3922","weitere"
"3923","weiteren"
"3924","weiteres"
"3925","welche"
"3926","welchem"
"3927","welchen"
"3928","welcher"
"3929","welches"
"3930","wem"
"3931","wen"
"3932","wenig"
"3933","wenige"
"3934","weniger"
"3935","weniges"
"3936","wenigstens"
"3937","wenn"
"3938","wer"
"3939","werde"
"3940","werden"
"3941","werdet"
"3942","weshalb"
"3943","wessen"
"3944","wie"
"3945","wieder"
"3946","wieso"
"3947","will"
"3948","willst"
"3949","wir"
"3950","wird"
"3951","wirklich"
"3952","wirst"
"3953","wissen"
"3954","wo"
"3955","woher"
"3956","wohin"
"3957","wohl"
"3958","wollen"
"3959","wollt"
"3960","wollte"
"3961","wollten"
"3962","worden"
"3963","wurde"
"3964","wurden"
"3965","während"
"3966","währenddem"
"3967","währenddessen"
"3968","wäre"
"3969","würde"
"3970","würden"
"3971","x"
"3972","y"
"3973","z"
"3974","z.b"
"3975","zehn"
"3976","zehnte"
"3977","zehnten"
"3978","zehnter"
"3979","zehntes"
"3980","zeit"
"3981","zu"
"3982","zuerst"
"3983","zugleich"
"3984","zum"
"3985","zunächst"
"3986","zur"
"3987","zurück"
"3988","zusammen"
"3989","zwanzig"
"3990","zwar"
"3991","zwei"
"3992","zweite"
"3993","zweiten"
"3994","zweiter"
"3995","zweites"
"3996","zwischen"
"3997","zwölf"
"3998","über"
"3999","überhaupt"
"4000","übrigens"
